Item,Qty,Reference(s),Value,LibPart,Footprint
1,1,D1,GREEN LED,Device:LED,LED_SMD:LED_0805_2012Metric
2,1,D2,RED LED,Device:LED,LED_SMD:LED_0805_2012Metric
3,6,"D3, D4, D5, D6, D7, D8",SFH7252,VeinCam_Symbols:SFH7252,VeinCam_Footprints:SFH7252
5,1,J1,Raspberry_Pi_2_3,Connector:Raspberry_Pi_2_3,Connector_PinSocket_2.54mm:PinSocket_2x20_P2.54mm_Vertical
6,1,Q1,NTJD4001N,VeinCam_Symbols:NTJD4001N,Package_TO_SOT_SMD:SOT-363_SC-70-6
7,1,R1,1K,Device:R,Resistor_SMD:R_0603_1608Metric
8,1,R2,1K5,Device:R,Resistor_SMD:R_0603_1608Metric
9,4,"R3, R4, R5, R6",3R3,Device:R,Resistor_SMD:R_0603_1608Metric
10,2,"R7, R8",10K,Device:R,Resistor_SMD:R_0603_1608Metric
